order_id,product,quantity,price,date,region,Total Cost
1,Mouse,1.0,20.0,2023-01-08,,20.0
2,Monitor,9.0,200.0,2023-01-16,,1800.0
3,Keyboard,4.0,25.0,2023-01-28,,100.0
4,Webcam,10.0,45.0,2023-01-07,,450.0
5,Headphones,5.0,50.0,2023-01-21,,250.0
6,Webcam,8.0,45.0,2023-01-22,,360.0
7,Mouse,2.0,20.0,2023-01-25,,40.0
8,Mouse,4.0,20.0,2023-01-24,,80.0
9,Monitor,1.0,200.0,2023-01-03,,200.0
10,Monitor,3.0,200.0,2023-01-24,,600.0
11,Keyboard,4.0,25.0,2023-01-15,,100.0
12,Monitor,1.0,200.0,2023-01-01,,200.0
13,Mouse,2.0,20.0,2023-01-14,,40.0
14,Mouse,0.0,20.0,2023-01-15,,
15,Mouse,2.0,20.0,2023-01-19,,40.0
16,Keyboard,0.0,25.0,2023-01-08,,
17,Laptop,7.0,1000.0,2023-01-27,,7000.0
18,Monitor,1.0,200.0,2023-01-08,,200.0
19,Headphones,3.0,50.0,2023-01-22,,150.0
20,Headphones,8.0,50.0,2023-01-30,,400.0
21,Keyboard,7.0,25.0,2023-01-02,,175.0
22,Mouse,0.0,20.0,2023-01-31,,
23,Laptop,7.0,1000.0,2023-01-07,,7000.0
24,Mouse,8.0,20.0,2023-01-21,,160.0
25,Laptop,3.0,1000.0,2023-01-05,,3000.0
26,Webcam,8.0,45.0,2023-01-17,,360.0
27,Mouse,9.0,20.0,2023-01-12,,180.0
28,Keyboard,9.0,25.0,2023-01-27,,225.0
29,Keyboard,7.0,25.0,2023-01-12,,175.0
30,Monitor,9.0,200.0,2023-01-07,,1800.0
31,Keyboard,3.0,25.0,2023-01-05,,75.0
32,Laptop,8.0,1000.0,2023-01-29,,8000.0
33,Laptop,8.0,1000.0,2023-01-15,,8000.0
34,Keyboard,8.0,25.0,2023-01-04,,200.0
35,Mouse,8.0,20.0,2023-01-30,,160.0
36,Mouse,3.0,20.0,2023-01-02,,60.0
37,Keyboard,0.0,25.0,2023-01-23,,
38,Headphones,0.0,50.0,2023-01-23,,
39,Headphones,8.0,50.0,2023-01-30,,400.0
40,Headphones,5.0,50.0,2023-01-31,,250.0
41,Webcam,10.0,45.0,2023-01-12,,450.0
42,Mouse,2.0,20.0,2023-01-08,,40.0
43,Mouse,5.0,20.0,2023-01-05,,100.0
44,Webcam,0.0,45.0,2023-01-20,,
45,Keyboard,7.0,25.0,2023-01-14,,175.0
46,Monitor,10.0,200.0,2023-01-28,,2000.0
47,Laptop,5.0,1000.0,2023-01-24,,5000.0
48,Headphones,0.0,50.0,2023-01-29,,
49,Mouse,6.0,20.0,2023-01-04,,120.0
50,Headphones,6.0,50.0,2023-01-16,,300.0
51,Headphones,7.0,50.0,2023-01-21,,350.0
52,Laptop,5.0,1000.0,2023-01-05,,5000.0
53,Keyboard,7.0,25.0,2023-01-29,,175.0
54,Laptop,7.0,1000.0,2023-01-01,,7000.0
55,Keyboard,6.0,25.0,2023-01-25,,150.0
56,Laptop,2.0,1000.0,2023-01-16,,2000.0
57,Laptop,3.0,1000.0,2023-01-04,,3000.0
58,Webcam,5.0,45.0,2023-01-29,,225.0
59,Mouse,0.0,20.0,2023-01-18,,
60,Mouse,0.0,20.0,2023-01-05,,
61,Monitor,3.0,200.0,2023-01-09,,600.0
62,Webcam,5.0,45.0,2023-01-23,,225.0
63,Monitor,5.0,200.0,2023-01-13,,1000.0
64,Webcam,1.0,45.0,2023-01-02,,45.0
65,Laptop,4.0,1000.0,2023-01-02,,4000.0
66,Keyboard,8.0,25.0,2023-01-12,,200.0
67,Headphones,8.0,50.0,2023-01-22,,400.0
68,Headphones,1.0,50.0,2023-01-24,,50.0
69,Mouse,7.0,20.0,2023-01-20,,140.0
70,Mouse,4.0,20.0,2023-01-18,,80.0
71,Laptop,8.0,1000.0,2023-01-25,,8000.0
72,Webcam,9.0,45.0,2023-01-21,,405.0
73,Headphones,10.0,50.0,2023-01-17,,500.0
74,Keyboard,1.0,25.0,2023-01-20,,25.0
75,Laptop,8.0,1000.0,2023-01-25,,8000.0
76,Mouse,3.0,20.0,2023-01-08,,60.0
77,Laptop,2.0,1000.0,2023-01-13,,2000.0
78,Keyboard,1.0,25.0,2023-01-01,,25.0
79,Headphones,10.0,50.0,2023-01-24,,500.0
80,Keyboard,8.0,25.0,2023-01-06,,200.0
81,Webcam,0.0,45.0,2023-01-22,,
82,Webcam,1.0,45.0,2023-01-10,,45.0
83,Mouse,4.0,20.0,2023-01-11,,80.0
84,Keyboard,4.0,25.0,2023-01-25,,100.0
85,Keyboard,1.0,25.0,2023-01-25,,25.0
86,Webcam,1.0,45.0,2023-01-13,,45.0
87,Monitor,7.0,200.0,2023-01-06,,1400.0
88,Headphones,8.0,50.0,2023-01-27,,400.0
89,Monitor,1.0,200.0,2023-01-15,,200.0
90,Headphones,0.0,50.0,2023-01-14,,
91,Laptop,10.0,1000.0,2023-01-09,,10000.0
92,Webcam,8.0,45.0,2023-01-12,,360.0
93,Laptop,10.0,1000.0,2023-01-08,,10000.0
94,Monitor,0.0,200.0,2023-01-19,,
95,Headphones,3.0,50.0,2023-01-29,,150.0
96,Keyboard,10.0,25.0,2023-01-28,,250.0
97,Headphones,0.0,50.0,2023-01-29,,
98,Webcam,9.0,45.0,2023-01-10,,405.0
99,Headphones,2.0,50.0,2023-01-10,,100.0
100,Keyboard,6.0,25.0,2023-01-24,,150.0
101,Mouse,6.0,20.0,2023-01-05,,120.0
102,Webcam,0.0,45.0,2023-01-08,,
103,Laptop,0.0,1000.0,2023-01-16,,
104,Keyboard,0.0,25.0,2023-01-07,,
105,Monitor,3.0,200.0,2023-01-27,,600.0
106,Laptop,6.0,1000.0,2023-01-14,,6000.0
107,Headphones,1.0,50.0,2023-01-22,,50.0
108,Mouse,2.0,20.0,2023-01-07,,40.0
109,Headphones,7.0,50.0,2023-01-12,,350.0
110,Laptop,2.0,1000.0,2023-01-26,,2000.0
111,Keyboard,1.0,25.0,2023-01-11,,25.0
112,Headphones,8.0,50.0,2023-01-28,,400.0
113,Keyboard,0.0,25.0,2023-01-12,,
114,Laptop,7.0,1000.0,2023-01-27,,7000.0
115,Mouse,9.0,20.0,2023-01-28,,180.0
116,Headphones,0.0,50.0,2023-01-16,,
117,Mouse,8.0,20.0,2023-01-22,,160.0
118,Monitor,0.0,200.0,2023-01-30,,
119,Mouse,7.0,20.0,2023-01-20,,140.0
120,Headphones,6.0,50.0,2023-01-27,,300.0
121,Mouse,9.0,20.0,2023-01-13,,180.0
122,Webcam,7.0,45.0,2023-01-18,,315.0
123,Laptop,9.0,1000.0,2023-01-08,,9000.0
124,Keyboard,7.0,25.0,2023-01-06,,175.0
125,Mouse,1.0,20.0,2023-01-26,,20.0
126,Keyboard,3.0,25.0,2023-01-23,,75.0
127,Keyboard,5.0,25.0,2023-01-16,,125.0
128,Headphones,4.0,50.0,2023-01-30,,200.0
129,Mouse,1.0,20.0,2023-01-19,,20.0
130,Mouse,2.0,20.0,2023-01-26,,40.0
131,Webcam,2.0,45.0,2023-01-05,,90.0
132,Laptop,9.0,1000.0,2023-01-06,,9000.0
133,Laptop,4.0,1000.0,2023-01-15,,4000.0
134,Laptop,4.0,1000.0,2023-01-25,,4000.0
135,Headphones,2.0,50.0,2023-01-05,,100.0
136,Monitor,10.0,200.0,2023-01-27,,2000.0
137,Laptop,9.0,1000.0,2023-01-02,,9000.0
138,Keyboard,7.0,25.0,2023-01-16,,175.0
139,Laptop,9.0,1000.0,2023-01-25,,9000.0
140,Headphones,9.0,50.0,2023-01-01,,450.0
141,Headphones,10.0,50.0,2023-01-19,,500.0
142,Laptop,8.0,1000.0,2023-01-31,,8000.0
143,Headphones,2.0,50.0,2023-01-29,,100.0
144,Webcam,10.0,45.0,2023-01-11,,450.0
145,Keyboard,9.0,25.0,2023-01-26,,225.0
146,Keyboard,4.0,25.0,2023-01-31,,100.0
147,Keyboard,0.0,25.0,2023-01-05,,
148,Keyboard,0.0,25.0,2023-01-20,,
149,Laptop,5.0,1000.0,2023-01-29,,5000.0
150,Keyboard,6.0,25.0,2023-01-26,,150.0
151,Laptop,5.0,1000.0,2023-01-11,,5000.0
152,Keyboard,3.0,25.0,2023-01-03,,75.0
153,Webcam,10.0,45.0,2023-01-10,,450.0
154,Mouse,7.0,20.0,2023-01-28,,140.0
155,Keyboard,1.0,25.0,2023-01-22,,25.0
156,Headphones,10.0,50.0,2023-01-05,,500.0
157,Mouse,5.0,20.0,2023-01-21,,100.0
158,Webcam,1.0,45.0,2023-01-05,,45.0
159,Laptop,7.0,1000.0,2023-01-07,,7000.0
160,Monitor,3.0,200.0,2023-01-16,,600.0
161,Laptop,9.0,1000.0,2023-01-04,,9000.0
162,Monitor,8.0,200.0,2023-01-29,,1600.0
163,Mouse,9.0,20.0,2023-01-07,,180.0
164,Webcam,0.0,45.0,2023-01-11,,
165,Webcam,9.0,45.0,2023-01-01,,405.0
166,Webcam,3.0,45.0,2023-01-10,,135.0
167,Laptop,5.0,1000.0,2023-01-14,,5000.0
168,Headphones,10.0,50.0,2023-01-28,,500.0
169,Monitor,1.0,200.0,2023-01-28,,200.0
170,Keyboard,10.0,25.0,2023-01-29,,250.0
171,Mouse,0.0,20.0,2023-01-30,,
172,Monitor,3.0,200.0,2023-01-12,,600.0
173,Headphones,2.0,50.0,2023-01-09,,100.0
174,Webcam,2.0,45.0,2023-01-30,,90.0
175,Laptop,2.0,1000.0,2023-01-11,,2000.0
176,Laptop,8.0,1000.0,2023-01-07,,8000.0
177,Mouse,9.0,20.0,2023-01-18,,180.0
178,Keyboard,4.0,25.0,2023-01-01,,100.0
179,Laptop,5.0,1000.0,2023-01-25,,5000.0
180,Monitor,1.0,200.0,2023-01-30,,200.0
181,Monitor,0.0,200.0,2023-01-08,,
182,Webcam,8.0,45.0,2023-01-20,,360.0
183,Webcam,6.0,45.0,2023-01-10,,270.0
184,Laptop,10.0,1000.0,2023-01-11,,10000.0
185,Mouse,6.0,20.0,2023-01-20,,120.0
186,Laptop,1.0,1000.0,2023-01-10,,1000.0
187,Mouse,3.0,20.0,2023-01-01,,60.0
188,Webcam,0.0,45.0,2023-01-05,,
189,Keyboard,3.0,25.0,2023-01-20,,75.0
190,Monitor,3.0,200.0,2023-01-23,,600.0
191,Mouse,10.0,20.0,2023-01-28,,200.0
192,Keyboard,10.0,25.0,2023-01-16,,250.0
193,Mouse,6.0,20.0,2023-01-20,,120.0
194,Keyboard,0.0,25.0,2023-01-19,,
195,Mouse,6.0,20.0,2023-01-12,,120.0
196,Keyboard,6.0,25.0,2023-01-11,,150.0
197,Mouse,2.0,20.0,2023-01-08,,40.0
198,Keyboard,4.0,25.0,2023-01-01,,100.0
199,Monitor,6.0,200.0,2023-01-27,,1200.0
200,Headphones,7.0,50.0,2023-01-05,,350.0
201,Webcam,10.0,45.0,2023-01-24,,450.0
202,Mouse,6.0,20.0,2023-01-02,,120.0
203,Mouse,7.0,20.0,2023-01-28,,140.0
204,Headphones,9.0,50.0,2023-01-03,,450.0
205,Headphones,8.0,50.0,2023-01-04,,400.0
206,Mouse,1.0,20.0,2023-01-02,,20.0
207,Keyboard,3.0,25.0,2023-01-30,,75.0
208,Laptop,5.0,1000.0,2023-01-10,,5000.0
209,Laptop,4.0,1000.0,2023-01-30,,4000.0
210,Mouse,0.0,20.0,2023-01-19,,
211,Laptop,1.0,1000.0,2023-01-07,,1000.0
212,Webcam,1.0,45.0,2023-01-27,,45.0
213,Monitor,1.0,200.0,2023-01-12,,200.0
214,Laptop,5.0,1000.0,2023-01-19,,5000.0
215,Monitor,2.0,200.0,2023-01-13,,400.0
216,Headphones,10.0,50.0,2023-01-08,,500.0
217,Laptop,9.0,1000.0,2023-01-23,,9000.0
218,Headphones,10.0,50.0,2023-01-31,,500.0
219,Mouse,7.0,20.0,2023-01-27,,140.0
220,Monitor,4.0,200.0,2023-01-01,,800.0
221,Monitor,8.0,200.0,2023-01-12,,1600.0
222,Keyboard,2.0,25.0,2023-01-02,,50.0
223,Mouse,1.0,20.0,2023-01-31,,20.0
224,Headphones,0.0,50.0,2023-01-21,,
225,Keyboard,2.0,25.0,2023-01-18,,50.0
226,Headphones,3.0,50.0,2023-01-02,,150.0
227,Laptop,9.0,1000.0,2023-01-09,,9000.0
228,Monitor,5.0,200.0,2023-01-09,,1000.0
229,Keyboard,5.0,25.0,2023-01-29,,125.0
230,Laptop,10.0,1000.0,2023-01-09,,10000.0
231,Keyboard,6.0,25.0,2023-01-29,,150.0
232,Mouse,9.0,20.0,2023-01-12,,180.0
233,Monitor,10.0,200.0,2023-01-14,,2000.0
234,Headphones,0.0,50.0,2023-01-14,,
235,Headphones,0.0,50.0,2023-01-07,,
236,Laptop,6.0,1000.0,2023-01-27,,6000.0
237,Headphones,6.0,50.0,2023-01-04,,300.0
238,Webcam,1.0,45.0,2023-01-03,,45.0
239,Mouse,7.0,20.0,2023-01-20,,140.0
240,Keyboard,7.0,25.0,2023-01-02,,175.0
241,Laptop,4.0,1000.0,2023-01-16,,4000.0
242,Headphones,4.0,50.0,2023-01-12,,200.0
243,Mouse,7.0,20.0,2023-01-08,,140.0
244,Keyboard,1.0,25.0,2023-01-16,,25.0
245,Keyboard,8.0,25.0,2023-01-05,,200.0
246,Mouse,1.0,20.0,2023-01-17,,20.0
247,Keyboard,4.0,25.0,2023-01-05,,100.0
248,Laptop,2.0,1000.0,2023-01-26,,2000.0
249,Laptop,7.0,1000.0,2023-01-04,,7000.0
250,Laptop,4.0,1000.0,2023-01-08,,4000.0
251,Monitor,2.0,200.0,2023-01-15,,400.0
252,Headphones,10.0,50.0,2023-01-24,,500.0
253,Laptop,3.0,1000.0,2023-01-07,,3000.0
254,Mouse,7.0,20.0,2023-01-22,,140.0
255,Webcam,5.0,45.0,2023-01-11,,225.0
256,Webcam,1.0,45.0,2023-01-20,,45.0
257,Headphones,10.0,50.0,2023-01-30,,500.0
258,Mouse,4.0,20.0,2023-01-06,,80.0
259,Mouse,3.0,20.0,2023-01-28,,60.0
260,Monitor,5.0,200.0,2023-01-27,,1000.0
261,Laptop,7.0,1000.0,2023-01-17,,7000.0
262,Monitor,5.0,200.0,2023-01-23,,1000.0
263,Monitor,6.0,200.0,2023-01-25,,1200.0
264,Monitor,6.0,200.0,2023-01-13,,1200.0
265,Mouse,3.0,20.0,2023-01-29,,60.0
266,Keyboard,6.0,25.0,2023-01-14,,150.0
267,Monitor,0.0,200.0,2023-01-01,,
268,Monitor,5.0,200.0,2023-01-09,,1000.0
269,Webcam,7.0,45.0,2023-01-03,,315.0
270,Webcam,5.0,45.0,2023-01-16,,225.0
271,Keyboard,6.0,25.0,2023-01-02,,150.0
272,Mouse,8.0,20.0,2023-01-19,,160.0
273,Monitor,1.0,200.0,2023-01-04,,200.0
274,Laptop,3.0,1000.0,2023-01-11,,3000.0
275,Monitor,10.0,200.0,2023-01-23,,2000.0
276,Keyboard,5.0,25.0,2023-01-05,,125.0
277,Keyboard,5.0,25.0,2023-01-03,,125.0
278,Laptop,5.0,1000.0,2023-01-03,,5000.0
279,Mouse,5.0,20.0,2023-01-18,,100.0
280,Mouse,4.0,20.0,2023-01-20,,80.0
281,Laptop,1.0,1000.0,2023-01-21,,1000.0
282,Keyboard,1.0,25.0,2023-01-16,,25.0
283,Laptop,0.0,1000.0,2023-01-30,,
284,Laptop,2.0,1000.0,2023-01-21,,2000.0
285,Webcam,1.0,45.0,2023-01-25,,45.0
286,Keyboard,3.0,25.0,2023-01-06,,75.0
287,Headphones,3.0,50.0,2023-01-08,,150.0
288,Keyboard,4.0,25.0,2023-01-20,,100.0
289,Headphones,9.0,50.0,2023-01-08,,450.0
290,Laptop,6.0,1000.0,2023-01-26,,6000.0
291,Laptop,3.0,1000.0,2023-01-26,,3000.0
292,Monitor,5.0,200.0,2023-01-06,,1000.0
293,Mouse,8.0,20.0,2023-01-07,,160.0
294,Keyboard,3.0,25.0,2023-01-14,,75.0
295,Mouse,3.0,20.0,2023-01-27,,60.0
296,Monitor,5.0,200.0,2023-01-05,,1000.0
297,Monitor,9.0,200.0,2023-01-16,,1800.0
298,Headphones,8.0,50.0,2023-01-11,,400.0
299,Mouse,3.0,20.0,2023-01-13,,60.0
300,Laptop,7.0,1000.0,2023-01-24,,7000.0
301,Mouse,1.0,20.0,2023-01-03,,20.0
302,Headphones,3.0,50.0,2023-01-07,,150.0
303,Monitor,10.0,200.0,2023-01-17,,2000.0
304,Headphones,4.0,50.0,2023-01-28,,200.0
305,Laptop,7.0,1000.0,2023-01-21,,7000.0
306,Mouse,1.0,20.0,2023-01-27,,20.0
307,Webcam,6.0,45.0,2023-01-17,,270.0
308,Headphones,9.0,50.0,2023-01-21,,450.0
309,Monitor,9.0,200.0,2023-01-07,,1800.0
310,Keyboard,0.0,25.0,2023-01-01,,
311,Headphones,4.0,50.0,2023-01-11,,200.0
312,Keyboard,1.0,25.0,2023-01-31,,25.0
313,Keyboard,9.0,25.0,2023-01-24,,225.0
314,Laptop,4.0,1000.0,2023-01-04,,4000.0
315,Headphones,4.0,50.0,2023-01-20,,200.0
316,Laptop,10.0,1000.0,2023-01-22,,10000.0
317,Laptop,3.0,1000.0,2023-01-14,,3000.0
318,Laptop,2.0,1000.0,2023-01-08,,2000.0
319,Mouse,6.0,20.0,2023-01-08,,120.0
320,Webcam,3.0,45.0,2023-01-09,,135.0
321,Monitor,2.0,200.0,2023-01-04,,400.0
322,Mouse,8.0,20.0,2023-01-28,,160.0
323,Laptop,2.0,1000.0,2023-01-12,,2000.0
324,Mouse,8.0,20.0,2023-01-28,,160.0
325,Keyboard,4.0,25.0,2023-01-17,,100.0
326,Monitor,0.0,200.0,2023-01-29,,
327,Mouse,2.0,20.0,2023-01-13,,40.0
328,Laptop,10.0,1000.0,2023-01-28,,10000.0
329,Mouse,6.0,20.0,2023-01-07,,120.0
330,Laptop,9.0,1000.0,2023-01-26,,9000.0
331,Mouse,1.0,20.0,2023-01-23,,20.0
332,Keyboard,3.0,25.0,2023-01-13,,75.0
333,Mouse,6.0,20.0,2023-01-09,,120.0
334,Mouse,4.0,20.0,2023-01-25,,80.0
335,Keyboard,0.0,25.0,2023-01-16,,
336,Headphones,1.0,50.0,2023-01-04,,50.0
337,Webcam,2.0,45.0,2023-01-26,,90.0
338,Headphones,7.0,50.0,2023-01-02,,350.0
339,Headphones,5.0,50.0,2023-01-15,,250.0
340,Webcam,7.0,45.0,2023-01-12,,315.0
341,Laptop,2.0,1000.0,2023-01-05,,2000.0
342,Laptop,9.0,1000.0,2023-01-15,,9000.0
343,Mouse,2.0,20.0,2023-01-27,,40.0
344,Laptop,3.0,1000.0,2023-01-12,,3000.0
345,Webcam,0.0,45.0,2023-01-28,,
346,Laptop,5.0,1000.0,2023-01-02,,5000.0
347,Webcam,3.0,45.0,2023-01-22,,135.0
348,Laptop,4.0,1000.0,2023-01-08,,4000.0
349,Keyboard,4.0,25.0,2023-01-22,,100.0
350,Monitor,3.0,200.0,2023-01-26,,600.0
351,Keyboard,8.0,25.0,2023-01-13,,200.0
352,Mouse,10.0,20.0,2023-01-22,,200.0
353,Webcam,1.0,45.0,2023-01-11,,45.0
354,Keyboard,5.0,25.0,2023-01-25,,125.0
355,Headphones,2.0,50.0,2023-01-13,,100.0
356,Monitor,7.0,200.0,2023-01-24,,1400.0
357,Monitor,8.0,200.0,2023-01-07,,1600.0
358,Webcam,10.0,45.0,2023-01-12,,450.0
359,Mouse,3.0,20.0,2023-01-09,,60.0
360,Webcam,6.0,45.0,2023-01-13,,270.0
361,Mouse,3.0,20.0,2023-01-31,,60.0
362,Monitor,4.0,200.0,2023-01-04,,800.0
363,Webcam,5.0,45.0,2023-01-23,,225.0
364,Laptop,4.0,1000.0,2023-01-25,,4000.0
365,Webcam,3.0,45.0,2023-01-09,,135.0
366,Mouse,7.0,20.0,2023-01-31,,140.0
367,Mouse,7.0,20.0,2023-01-26,,140.0
368,Laptop,8.0,1000.0,2023-01-04,,8000.0
369,Mouse,10.0,20.0,2023-01-16,,200.0
370,Monitor,3.0,200.0,2023-01-03,,600.0
371,Monitor,8.0,200.0,2023-01-26,,1600.0
372,Keyboard,8.0,25.0,2023-01-07,,200.0
373,Mouse,8.0,20.0,2023-01-02,,160.0
374,Webcam,10.0,45.0,2023-01-28,,450.0
375,Monitor,8.0,200.0,2023-01-10,,1600.0
376,Webcam,6.0,45.0,2023-01-20,,270.0
377,Mouse,7.0,20.0,2023-01-27,,140.0
378,Keyboard,5.0,25.0,2023-01-01,,125.0
379,Keyboard,2.0,25.0,2023-01-01,,50.0
380,Mouse,0.0,20.0,2023-01-11,,
381,Mouse,4.0,20.0,2023-01-23,,80.0
382,Keyboard,2.0,25.0,2023-01-20,,50.0
383,Laptop,6.0,1000.0,2023-01-08,,6000.0
384,Laptop,5.0,1000.0,2023-01-22,,5000.0
385,Keyboard,1.0,25.0,2023-01-11,,25.0
386,Mouse,9.0,20.0,2023-01-12,,180.0
387,Laptop,1.0,1000.0,2023-01-17,,1000.0
388,Keyboard,6.0,25.0,2023-01-03,,150.0
389,Webcam,1.0,45.0,2023-01-08,,45.0
390,Headphones,9.0,50.0,2023-01-26,,450.0
391,Mouse,9.0,20.0,2023-01-23,,180.0
392,Keyboard,9.0,25.0,2023-01-17,,225.0
393,Laptop,4.0,1000.0,2023-01-16,,4000.0
394,Mouse,5.0,20.0,2023-01-12,,100.0
395,Keyboard,10.0,25.0,2023-01-09,,250.0
396,Headphones,6.0,50.0,2023-01-11,,300.0
397,Monitor,0.0,200.0,2023-01-30,,
398,Headphones,8.0,50.0,2023-01-06,,400.0
399,Keyboard,8.0,25.0,2023-01-11,,200.0
400,Laptop,1.0,1000.0,2023-01-06,,1000.0
401,Webcam,9.0,45.0,2023-01-08,,405.0
402,Keyboard,2.0,25.0,2023-01-10,,50.0
403,Laptop,3.0,1000.0,2023-01-15,,3000.0
404,Webcam,10.0,45.0,2023-01-18,,450.0
405,Monitor,5.0,200.0,2023-01-20,,1000.0
406,Keyboard,9.0,25.0,2023-01-16,,225.0
407,Laptop,10.0,1000.0,2023-01-17,,10000.0
408,Mouse,1.0,20.0,2023-01-11,,20.0
409,Mouse,1.0,20.0,2023-01-06,,20.0
410,Webcam,9.0,45.0,2023-01-09,,405.0
411,Keyboard,9.0,25.0,2023-01-04,,225.0
412,Mouse,6.0,20.0,2023-01-24,,120.0
413,Laptop,10.0,1000.0,2023-01-05,,10000.0
414,Mouse,4.0,20.0,2023-01-10,,80.0
415,Laptop,7.0,1000.0,2023-01-28,,7000.0
416,Laptop,7.0,1000.0,2023-01-16,,7000.0
417,Webcam,4.0,45.0,2023-01-05,,180.0
418,Webcam,7.0,45.0,2023-01-01,,315.0
419,Keyboard,6.0,25.0,2023-01-03,,150.0
420,Headphones,4.0,50.0,2023-01-11,,200.0
421,Headphones,8.0,50.0,2023-01-26,,400.0
422,Keyboard,7.0,25.0,2023-01-18,,175.0
423,Keyboard,0.0,25.0,2023-01-20,,
424,Headphones,7.0,50.0,2023-01-10,,350.0
425,Laptop,7.0,1000.0,2023-01-10,,7000.0
426,Keyboard,7.0,25.0,2023-01-09,,175.0
427,Keyboard,3.0,25.0,2023-01-04,,75.0
428,Laptop,8.0,1000.0,2023-01-28,,8000.0
429,Headphones,5.0,50.0,2023-01-06,,250.0
430,Headphones,6.0,50.0,2023-01-06,,300.0
431,Webcam,7.0,45.0,2023-01-18,,315.0
432,Keyboard,0.0,25.0,2023-01-30,,
433,Keyboard,6.0,25.0,2023-01-31,,150.0
434,Webcam,2.0,45.0,2023-01-17,,90.0
435,Mouse,4.0,20.0,2023-01-27,,80.0
436,Webcam,8.0,45.0,2023-01-13,,360.0
437,Headphones,2.0,50.0,2023-01-08,,100.0
438,Mouse,2.0,20.0,2023-01-06,,40.0
439,Headphones,7.0,50.0,2023-01-06,,350.0
440,Monitor,5.0,200.0,2023-01-15,,1000.0
441,Keyboard,2.0,25.0,2023-01-27,,50.0
442,Laptop,0.0,1000.0,2023-01-05,,
443,Keyboard,0.0,25.0,2023-01-23,,
444,Laptop,1.0,1000.0,2023-01-07,,1000.0
445,Mouse,4.0,20.0,2023-01-25,,80.0
446,Keyboard,0.0,25.0,2023-01-01,,
447,Headphones,7.0,50.0,2023-01-19,,350.0
448,Mouse,3.0,20.0,2023-01-24,,60.0
449,Monitor,2.0,200.0,2023-01-12,,400.0
450,Mouse,2.0,20.0,2023-01-11,,40.0
451,Mouse,7.0,20.0,2023-01-07,,140.0
452,Monitor,0.0,200.0,2023-01-08,,
453,Keyboard,4.0,25.0,2023-01-07,,100.0
454,Webcam,3.0,45.0,2023-01-24,,135.0
455,Webcam,8.0,45.0,2023-01-07,,360.0
456,Laptop,9.0,1000.0,2023-01-06,,9000.0
457,Monitor,1.0,200.0,2023-01-11,,200.0
458,Mouse,9.0,20.0,2023-01-10,,180.0
459,Keyboard,8.0,25.0,2023-01-16,,200.0
460,Keyboard,6.0,25.0,2023-01-16,,150.0
461,Mouse,5.0,20.0,2023-01-20,,100.0
462,Monitor,5.0,200.0,2023-01-25,,1000.0
463,Mouse,3.0,20.0,2023-01-31,,60.0
464,Headphones,9.0,50.0,2023-01-01,,450.0
465,Laptop,8.0,1000.0,2023-01-15,,8000.0
466,Headphones,4.0,50.0,2023-01-06,,200.0
467,Headphones,3.0,50.0,2023-01-09,,150.0
468,Mouse,8.0,20.0,2023-01-01,,160.0
469,Mouse,9.0,20.0,2023-01-22,,180.0
470,Mouse,2.0,20.0,2023-01-06,,40.0
471,Monitor,5.0,200.0,2023-01-16,,1000.0
472,Laptop,7.0,1000.0,2023-01-03,,7000.0
473,Laptop,4.0,1000.0,2023-01-15,,4000.0
474,Monitor,4.0,200.0,2023-01-26,,800.0
475,Keyboard,10.0,25.0,2023-01-27,,250.0
476,Headphones,8.0,50.0,2023-01-08,,400.0
477,Headphones,5.0,50.0,2023-01-07,,250.0
478,Webcam,7.0,45.0,2023-01-29,,315.0
479,Mouse,7.0,20.0,2023-01-21,,140.0
480,Mouse,9.0,20.0,2023-01-29,,180.0
481,Laptop,1.0,1000.0,2023-01-11,,1000.0
482,Monitor,10.0,200.0,2023-01-19,,2000.0
483,Keyboard,2.0,25.0,2023-01-26,,50.0
484,Webcam,0.0,45.0,2023-01-13,,
485,Laptop,3.0,1000.0,2023-01-09,,3000.0
486,Headphones,5.0,50.0,2023-01-25,,250.0
487,Laptop,7.0,1000.0,2023-01-05,,7000.0
488,Headphones,0.0,50.0,2023-01-29,,
489,Monitor,3.0,200.0,2023-01-26,,600.0
490,Monitor,5.0,200.0,2023-01-26,,1000.0
491,Mouse,5.0,20.0,2023-01-04,,100.0
492,Mouse,0.0,20.0,2023-01-03,,
493,Keyboard,8.0,25.0,2023-01-08,,200.0
494,Mouse,7.0,20.0,2023-01-04,,140.0
495,Monitor,0.0,200.0,2023-01-09,,
496,Laptop,4.0,1000.0,2023-01-23,,4000.0
497,Mouse,9.0,20.0,2023-01-14,,180.0
498,Headphones,1.0,50.0,2023-01-05,,50.0
499,Mouse,5.0,20.0,2023-01-12,,100.0
500,Headphones,2.0,50.0,2023-01-31,,100.0
501,Mouse,9.0,20.0,2023-01-17,,180.0
502,Webcam,6.0,45.0,2023-01-07,,270.0
503,Laptop,0.0,1000.0,2023-01-22,,
504,Webcam,4.0,45.0,2023-01-09,,180.0
505,Keyboard,6.0,25.0,2023-01-01,,150.0
506,Webcam,10.0,45.0,2023-01-02,,450.0
507,Keyboard,5.0,25.0,2023-01-23,,125.0
508,Laptop,8.0,1000.0,2023-01-14,,8000.0
509,Laptop,4.0,1000.0,2023-01-22,,4000.0
510,Laptop,0.0,1000.0,2023-01-18,,
511,Webcam,6.0,45.0,2023-01-04,,270.0
512,Laptop,7.0,1000.0,2023-01-22,,7000.0
513,Laptop,10.0,1000.0,2023-01-21,,10000.0
514,Mouse,0.0,20.0,2023-01-02,,
515,Webcam,7.0,45.0,2023-01-08,,315.0
516,Headphones,0.0,50.0,2023-01-31,,
517,Keyboard,1.0,25.0,2023-01-17,,25.0
518,Mouse,8.0,20.0,2023-01-10,,160.0
519,Laptop,6.0,1000.0,2023-01-02,,6000.0
520,Headphones,8.0,50.0,2023-01-18,,400.0
521,Mouse,6.0,20.0,2023-01-02,,120.0
522,Headphones,6.0,50.0,2023-01-13,,300.0
523,Mouse,9.0,20.0,2023-01-18,,180.0
524,Keyboard,10.0,25.0,2023-01-19,,250.0
525,Monitor,10.0,200.0,2023-01-03,,2000.0
526,Keyboard,7.0,25.0,2023-01-12,,175.0
527,Keyboard,3.0,25.0,2023-01-15,,75.0
528,Laptop,8.0,1000.0,2023-01-24,,8000.0
529,Monitor,9.0,200.0,2023-01-29,,1800.0
530,Monitor,4.0,200.0,2023-01-05,,800.0
531,Keyboard,1.0,25.0,2023-01-14,,25.0
532,Laptop,2.0,1000.0,2023-01-03,,2000.0
533,Monitor,9.0,200.0,2023-01-20,,1800.0
534,Mouse,7.0,20.0,2023-01-22,,140.0
535,Keyboard,10.0,25.0,2023-01-20,,250.0
536,Monitor,7.0,200.0,2023-01-12,,1400.0
537,Laptop,10.0,1000.0,2023-01-25,,10000.0
538,Laptop,3.0,1000.0,2023-01-17,,3000.0
539,Headphones,10.0,50.0,2023-01-02,,500.0
540,Laptop,8.0,1000.0,2023-01-13,,8000.0
541,Keyboard,5.0,25.0,2023-01-30,,125.0
542,Keyboard,0.0,25.0,2023-01-12,,
543,Laptop,9.0,1000.0,2023-01-07,,9000.0
544,Laptop,2.0,1000.0,2023-01-25,,2000.0
545,Laptop,10.0,1000.0,2023-01-19,,10000.0
546,Laptop,9.0,1000.0,2023-01-03,,9000.0
547,Keyboard,8.0,25.0,2023-01-13,,200.0
548,Monitor,3.0,200.0,2023-01-01,,600.0
549,Headphones,9.0,50.0,2023-01-29,,450.0
550,Mouse,3.0,20.0,2023-01-29,,60.0
551,Mouse,10.0,20.0,2023-01-09,,200.0
552,Monitor,9.0,200.0,2023-01-11,,1800.0
553,Keyboard,7.0,25.0,2023-01-05,,175.0
554,Webcam,8.0,45.0,2023-01-05,,360.0
555,Mouse,9.0,20.0,2023-01-06,,180.0
556,Mouse,9.0,20.0,2023-01-05,,180.0
557,Laptop,8.0,1000.0,2023-01-15,,8000.0
558,Headphones,2.0,50.0,2023-01-07,,100.0
559,Monitor,4.0,200.0,2023-01-29,,800.0
560,Laptop,3.0,1000.0,2023-01-14,,3000.0
561,Webcam,3.0,45.0,2023-01-12,,135.0
562,Webcam,10.0,45.0,2023-01-09,,450.0
563,Laptop,3.0,1000.0,2023-01-25,,3000.0
564,Webcam,9.0,45.0,2023-01-27,,405.0
565,Monitor,6.0,200.0,2023-01-28,,1200.0
566,Webcam,6.0,45.0,2023-01-26,,270.0
567,Mouse,7.0,20.0,2023-01-24,,140.0
568,Mouse,0.0,20.0,2023-01-26,,
569,Headphones,0.0,50.0,2023-01-28,,
570,Laptop,10.0,1000.0,2023-01-24,,10000.0
571,Mouse,0.0,20.0,2023-01-26,,
572,Laptop,1.0,1000.0,2023-01-05,,1000.0
573,Laptop,3.0,1000.0,2023-01-09,,3000.0
574,Headphones,9.0,50.0,2023-01-04,,450.0
575,Headphones,7.0,50.0,2023-01-15,,350.0
576,Keyboard,1.0,25.0,2023-01-29,,25.0
577,Webcam,10.0,45.0,2023-01-15,,450.0
578,Laptop,6.0,1000.0,2023-01-23,,6000.0
579,Keyboard,4.0,25.0,2023-01-25,,100.0
580,Laptop,10.0,1000.0,2023-01-18,,10000.0
581,Mouse,9.0,20.0,2023-01-25,,180.0
582,Monitor,2.0,200.0,2023-01-02,,400.0
583,Mouse,2.0,20.0,2023-01-13,,40.0
584,Mouse,0.0,20.0,2023-01-13,,
585,Laptop,5.0,1000.0,2023-01-27,,5000.0
586,Laptop,8.0,1000.0,2023-01-09,,8000.0
587,Mouse,2.0,20.0,2023-01-18,,40.0
588,Laptop,10.0,1000.0,2023-01-09,,10000.0
589,Monitor,0.0,200.0,2023-01-14,,
590,Laptop,10.0,1000.0,2023-01-10,,10000.0
591,Laptop,10.0,1000.0,2023-01-29,,10000.0
592,Webcam,8.0,45.0,2023-01-01,,360.0
593,Keyboard,10.0,25.0,2023-01-28,,250.0
594,Monitor,9.0,200.0,2023-01-07,,1800.0
595,Keyboard,0.0,25.0,2023-01-14,,
596,Headphones,2.0,50.0,2023-01-24,,100.0
597,Keyboard,3.0,25.0,2023-01-06,,75.0
598,Laptop,6.0,1000.0,2023-01-27,,6000.0
599,Webcam,8.0,45.0,2023-01-25,,360.0
600,Keyboard,2.0,25.0,2023-01-06,,50.0
601,Mouse,2.0,20.0,2023-01-18,,40.0
602,Monitor,3.0,200.0,2023-01-31,,600.0
603,Webcam,6.0,45.0,2023-01-22,,270.0
604,Mouse,9.0,20.0,2023-01-17,,180.0
605,Webcam,5.0,45.0,2023-01-02,,225.0
606,Monitor,4.0,200.0,2023-01-27,,800.0
607,Laptop,9.0,1000.0,2023-01-17,,9000.0
608,Headphones,3.0,50.0,2023-01-30,,150.0
609,Laptop,5.0,1000.0,2023-01-11,,5000.0
610,Monitor,8.0,200.0,2023-01-21,,1600.0
611,Headphones,9.0,50.0,2023-01-05,,450.0
612,Headphones,9.0,50.0,2023-01-22,,450.0
613,Laptop,8.0,1000.0,2023-01-22,,8000.0
614,Headphones,6.0,50.0,2023-01-04,,300.0
615,Webcam,7.0,45.0,2023-01-13,,315.0
616,Mouse,2.0,20.0,2023-01-08,,40.0
617,Laptop,6.0,1000.0,2023-01-13,,6000.0
618,Keyboard,5.0,25.0,2023-01-21,,125.0
619,Laptop,3.0,1000.0,2023-01-13,,3000.0
620,Webcam,2.0,45.0,2023-01-30,,90.0
621,Mouse,8.0,20.0,2023-01-08,,160.0
622,Keyboard,7.0,25.0,2023-01-14,,175.0
623,Keyboard,10.0,25.0,2023-01-16,,250.0
624,Monitor,0.0,200.0,2023-01-24,,
625,Laptop,1.0,1000.0,2023-01-26,,1000.0
626,Laptop,9.0,1000.0,2023-01-04,,9000.0
627,Keyboard,6.0,25.0,2023-01-09,,150.0
628,Keyboard,8.0,25.0,2023-01-16,,200.0
629,Keyboard,0.0,25.0,2023-01-29,,
630,Headphones,1.0,50.0,2023-01-14,,50.0
631,Headphones,6.0,50.0,2023-01-06,,300.0
632,Headphones,5.0,50.0,2023-01-22,,250.0
633,Headphones,8.0,50.0,2023-01-26,,400.0
634,Monitor,1.0,200.0,2023-01-16,,200.0
635,Keyboard,0.0,25.0,2023-01-02,,
636,Mouse,6.0,20.0,2023-01-10,,120.0
637,Monitor,0.0,200.0,2023-01-21,,
638,Mouse,5.0,20.0,2023-01-24,,100.0
639,Webcam,3.0,45.0,2023-01-26,,135.0
640,Mouse,2.0,20.0,2023-01-30,,40.0
641,Headphones,6.0,50.0,2023-01-01,,300.0
642,Keyboard,10.0,25.0,2023-01-01,,250.0
643,Monitor,6.0,200.0,2023-01-11,,1200.0
644,Keyboard,8.0,25.0,2023-01-10,,200.0
645,Laptop,9.0,1000.0,2023-01-19,,9000.0
646,Monitor,3.0,200.0,2023-01-08,,600.0
647,Laptop,1.0,1000.0,2023-01-09,,1000.0
648,Laptop,1.0,1000.0,2023-01-04,,1000.0
649,Laptop,7.0,1000.0,2023-01-05,,7000.0
650,Laptop,4.0,1000.0,2023-01-01,,4000.0
651,Webcam,3.0,45.0,2023-01-03,,135.0
652,Headphones,0.0,50.0,2023-01-07,,
653,Mouse,4.0,20.0,2023-01-18,,80.0
654,Keyboard,8.0,25.0,2023-01-07,,200.0
655,Mouse,0.0,20.0,2023-01-18,,
656,Mouse,6.0,20.0,2023-01-13,,120.0
657,Headphones,8.0,50.0,2023-01-21,,400.0
658,Laptop,5.0,1000.0,2023-01-15,,5000.0
659,Monitor,9.0,200.0,2023-01-19,,1800.0
660,Webcam,9.0,45.0,2023-01-03,,405.0
661,Webcam,10.0,45.0,2023-01-06,,450.0
662,Mouse,10.0,20.0,2023-01-21,,200.0
663,Monitor,7.0,200.0,2023-01-24,,1400.0
664,Headphones,7.0,50.0,2023-01-21,,350.0
665,Keyboard,10.0,25.0,2023-01-27,,250.0
666,Laptop,6.0,1000.0,2023-01-05,,6000.0
667,Keyboard,3.0,25.0,2023-01-28,,75.0
668,Mouse,4.0,20.0,2023-01-21,,80.0
669,Keyboard,4.0,25.0,2023-01-29,,100.0
670,Mouse,7.0,20.0,2023-01-23,,140.0
671,Laptop,2.0,1000.0,2023-01-10,,2000.0
672,Keyboard,3.0,25.0,2023-01-23,,75.0
673,Mouse,6.0,20.0,2023-01-29,,120.0
674,Laptop,1.0,1000.0,2023-01-05,,1000.0
675,Webcam,9.0,45.0,2023-01-10,,405.0
676,Mouse,10.0,20.0,2023-01-22,,200.0
677,Keyboard,5.0,25.0,2023-01-26,,125.0
678,Laptop,1.0,1000.0,2023-01-18,,1000.0
679,Webcam,1.0,45.0,2023-01-22,,45.0
680,Laptop,0.0,1000.0,2023-01-18,,
681,Laptop,3.0,1000.0,2023-01-22,,3000.0
682,Laptop,8.0,1000.0,2023-01-21,,8000.0
683,Laptop,5.0,1000.0,2023-01-05,,5000.0
684,Laptop,10.0,1000.0,2023-01-16,,10000.0
685,Webcam,8.0,45.0,2023-01-01,,360.0
686,Laptop,6.0,1000.0,2023-01-21,,6000.0
687,Mouse,4.0,20.0,2023-01-10,,80.0
688,Headphones,3.0,50.0,2023-01-07,,150.0
689,Mouse,3.0,20.0,2023-01-08,,60.0
690,Keyboard,3.0,25.0,2023-01-02,,75.0
691,Monitor,6.0,200.0,2023-01-25,,1200.0
692,Mouse,9.0,20.0,2023-01-30,,180.0
693,Mouse,0.0,20.0,2023-01-21,,
694,Keyboard,4.0,25.0,2023-01-24,,100.0
695,Keyboard,4.0,25.0,2023-01-26,,100.0
696,Laptop,1.0,1000.0,2023-01-21,,1000.0
697,Laptop,9.0,1000.0,2023-01-02,,9000.0
698,Mouse,3.0,20.0,2023-01-30,,60.0
699,Laptop,7.0,1000.0,2023-01-14,,7000.0
700,Webcam,7.0,45.0,2023-01-23,,315.0
701,Laptop,0.0,1000.0,2023-01-27,,
702,Laptop,0.0,1000.0,2023-01-02,,
703,Webcam,6.0,45.0,2023-01-24,,270.0
704,Mouse,0.0,20.0,2023-01-06,,
705,Monitor,4.0,200.0,2023-01-07,,800.0
706,Laptop,3.0,1000.0,2023-01-11,,3000.0
707,Mouse,9.0,20.0,2023-01-30,,180.0
708,Monitor,9.0,200.0,2023-01-11,,1800.0
709,Keyboard,3.0,25.0,2023-01-12,,75.0
710,Monitor,7.0,200.0,2023-01-21,,1400.0
711,Monitor,1.0,200.0,2023-01-01,,200.0
712,Laptop,3.0,1000.0,2023-01-27,,3000.0
713,Keyboard,5.0,25.0,2023-01-16,,125.0
714,Mouse,9.0,20.0,2023-01-14,,180.0
715,Webcam,9.0,45.0,2023-01-01,,405.0
716,Laptop,7.0,1000.0,2023-01-15,,7000.0
717,Laptop,0.0,1000.0,2023-01-07,,
718,Monitor,2.0,200.0,2023-01-25,,400.0
719,Headphones,7.0,50.0,2023-01-12,,350.0
720,Mouse,6.0,20.0,2023-01-09,,120.0
721,Keyboard,4.0,25.0,2023-01-10,,100.0
722,Mouse,8.0,20.0,2023-01-19,,160.0
723,Webcam,3.0,45.0,2023-01-11,,135.0
724,Mouse,7.0,20.0,2023-01-19,,140.0
725,Monitor,4.0,200.0,2023-01-13,,800.0
726,Keyboard,0.0,25.0,2023-01-01,,
727,Mouse,10.0,20.0,2023-01-08,,200.0
728,Keyboard,8.0,25.0,2023-01-28,,200.0
729,Keyboard,3.0,25.0,2023-01-01,,75.0
730,Monitor,4.0,200.0,2023-01-11,,800.0
731,Headphones,0.0,50.0,2023-01-09,,
732,Monitor,3.0,200.0,2023-01-21,,600.0
733,Headphones,2.0,50.0,2023-01-23,,100.0
734,Webcam,4.0,45.0,2023-01-18,,180.0
735,Mouse,8.0,20.0,2023-01-24,,160.0
736,Laptop,6.0,1000.0,2023-01-22,,6000.0
737,Keyboard,2.0,25.0,2023-01-12,,50.0
738,Keyboard,4.0,25.0,2023-01-02,,100.0
739,Laptop,0.0,1000.0,2023-01-06,,
740,Keyboard,4.0,25.0,2023-01-19,,100.0
741,Webcam,5.0,45.0,2023-01-01,,225.0
742,Keyboard,9.0,25.0,2023-01-22,,225.0
743,Mouse,3.0,20.0,2023-01-24,,60.0
744,Webcam,8.0,45.0,2023-01-23,,360.0
745,Mouse,2.0,20.0,2023-01-07,,40.0
746,Headphones,8.0,50.0,2023-01-23,,400.0
747,Webcam,3.0,45.0,2023-01-02,,135.0
748,Webcam,3.0,45.0,2023-01-27,,135.0
749,Monitor,9.0,200.0,2023-01-19,,1800.0
750,Headphones,6.0,50.0,2023-01-08,,300.0
751,Keyboard,9.0,25.0,2023-01-13,,225.0
752,Webcam,9.0,45.0,2023-01-07,,405.0
753,Webcam,6.0,45.0,2023-01-10,,270.0
754,Keyboard,10.0,25.0,2023-01-05,,250.0
755,Mouse,6.0,20.0,2023-01-14,,120.0
756,Headphones,2.0,50.0,2023-01-22,,100.0
757,Laptop,9.0,1000.0,2023-01-16,,9000.0
758,Headphones,5.0,50.0,2023-01-29,,250.0
759,Laptop,8.0,1000.0,2023-01-11,,8000.0
760,Webcam,2.0,45.0,2023-01-10,,90.0
761,Laptop,7.0,1000.0,2023-01-14,,7000.0
762,Laptop,2.0,1000.0,2023-01-12,,2000.0
763,Monitor,6.0,200.0,2023-01-23,,1200.0
764,Webcam,8.0,45.0,2023-01-20,,360.0
765,Mouse,4.0,20.0,2023-01-31,,80.0
766,Laptop,0.0,1000.0,2023-01-13,,
767,Monitor,5.0,200.0,2023-01-25,,1000.0
768,Webcam,6.0,45.0,2023-01-25,,270.0
769,Mouse,1.0,20.0,2023-01-15,,20.0
770,Headphones,2.0,50.0,2023-01-01,,100.0
771,Monitor,2.0,200.0,2023-01-28,,400.0
772,Webcam,0.0,45.0,2023-01-18,,
773,Webcam,2.0,45.0,2023-01-30,,90.0
774,Laptop,10.0,1000.0,2023-01-20,,10000.0
775,Headphones,3.0,50.0,2023-01-24,,150.0
776,Webcam,8.0,45.0,2023-01-03,,360.0
777,Laptop,7.0,1000.0,2023-01-26,,7000.0
778,Mouse,2.0,20.0,2023-01-17,,40.0
779,Laptop,5.0,1000.0,2023-01-10,,5000.0
780,Keyboard,1.0,25.0,2023-01-25,,25.0
781,Headphones,3.0,50.0,2023-01-18,,150.0
782,Laptop,10.0,1000.0,2023-01-20,,10000.0
783,Keyboard,10.0,25.0,2023-01-05,,250.0
784,Webcam,6.0,45.0,2023-01-02,,270.0
785,Laptop,3.0,1000.0,2023-01-17,,3000.0
786,Webcam,6.0,45.0,2023-01-19,,270.0
787,Mouse,0.0,20.0,2023-01-23,,
788,Mouse,4.0,20.0,2023-01-25,,80.0
789,Laptop,1.0,1000.0,2023-01-21,,1000.0
790,Headphones,8.0,50.0,2023-01-09,,400.0
791,Laptop,8.0,1000.0,2023-01-15,,8000.0
792,Laptop,7.0,1000.0,2023-01-13,,7000.0
793,Laptop,9.0,1000.0,2023-01-20,,9000.0
794,Monitor,3.0,200.0,2023-01-02,,600.0
795,Webcam,2.0,45.0,2023-01-11,,90.0
796,Webcam,4.0,45.0,2023-01-08,,180.0
797,Monitor,8.0,200.0,2023-01-03,,1600.0
798,Mouse,8.0,20.0,2023-01-08,,160.0
799,Laptop,6.0,1000.0,2023-01-26,,6000.0
800,Mouse,1.0,20.0,2023-01-31,,20.0
801,Mouse,9.0,20.0,2023-01-30,,180.0
802,Laptop,9.0,1000.0,2023-01-05,,9000.0
803,Headphones,7.0,50.0,2023-01-17,,350.0
804,Laptop,1.0,1000.0,2023-01-24,,1000.0
805,Laptop,4.0,1000.0,2023-01-26,,4000.0
806,Laptop,5.0,1000.0,2023-01-24,,5000.0
807,Mouse,0.0,20.0,2023-01-29,,
808,Mouse,4.0,20.0,2023-01-31,,80.0
809,Webcam,8.0,45.0,2023-01-21,,360.0
810,Webcam,9.0,45.0,2023-01-03,,405.0
811,Keyboard,5.0,25.0,2023-01-21,,125.0
812,Monitor,3.0,200.0,2023-01-31,,600.0
813,Monitor,2.0,200.0,2023-01-10,,400.0
814,Keyboard,5.0,25.0,2023-01-12,,125.0
815,Keyboard,2.0,25.0,2023-01-27,,50.0
816,Headphones,4.0,50.0,2023-01-05,,200.0
817,Keyboard,1.0,25.0,2023-01-18,,25.0
818,Laptop,9.0,1000.0,2023-01-02,,9000.0
819,Monitor,0.0,200.0,2023-01-09,,
820,Webcam,4.0,45.0,2023-01-01,,180.0
821,Headphones,5.0,50.0,2023-01-12,,250.0
822,Headphones,8.0,50.0,2023-01-07,,400.0
823,Monitor,10.0,200.0,2023-01-27,,2000.0
824,Headphones,1.0,50.0,2023-01-26,,50.0
825,Mouse,5.0,20.0,2023-01-16,,100.0
826,Headphones,4.0,50.0,2023-01-14,,200.0
827,Laptop,3.0,1000.0,2023-01-27,,3000.0
828,Keyboard,10.0,25.0,2023-01-23,,250.0
829,Monitor,6.0,200.0,2023-01-13,,1200.0
830,Keyboard,4.0,25.0,2023-01-06,,100.0
831,Headphones,1.0,50.0,2023-01-14,,50.0
832,Keyboard,1.0,25.0,2023-01-22,,25.0
833,Keyboard,9.0,25.0,2023-01-28,,225.0
834,Mouse,7.0,20.0,2023-01-13,,140.0
835,Mouse,10.0,20.0,2023-01-10,,200.0
836,Keyboard,5.0,25.0,2023-01-15,,125.0
837,Mouse,1.0,20.0,2023-01-02,,20.0
838,Monitor,3.0,200.0,2023-01-13,,600.0
839,Keyboard,5.0,25.0,2023-01-03,,125.0
840,Monitor,8.0,200.0,2023-01-20,,1600.0
841,Webcam,7.0,45.0,2023-01-13,,315.0
842,Headphones,0.0,50.0,2023-01-25,,
843,Monitor,9.0,200.0,2023-01-04,,1800.0
844,Keyboard,2.0,25.0,2023-01-30,,50.0
845,Webcam,10.0,45.0,2023-01-29,,450.0
846,Mouse,1.0,20.0,2023-01-21,,20.0
847,Keyboard,3.0,25.0,2023-01-19,,75.0
848,Keyboard,8.0,25.0,2023-01-20,,200.0
849,Webcam,10.0,45.0,2023-01-11,,450.0
850,Keyboard,8.0,25.0,2023-01-07,,200.0
851,Laptop,10.0,1000.0,2023-01-22,,10000.0
852,Keyboard,7.0,25.0,2023-01-24,,175.0
853,Headphones,3.0,50.0,2023-01-15,,150.0
854,Headphones,0.0,50.0,2023-01-30,,
855,Webcam,10.0,45.0,2023-01-06,,450.0
856,Mouse,2.0,20.0,2023-01-13,,40.0
857,Headphones,10.0,50.0,2023-01-08,,500.0
858,Keyboard,6.0,25.0,2023-01-03,,150.0
859,Webcam,6.0,45.0,2023-01-29,,270.0
860,Laptop,0.0,1000.0,2023-01-01,,
861,Keyboard,10.0,25.0,2023-01-28,,250.0
862,Headphones,1.0,50.0,2023-01-15,,50.0
863,Monitor,5.0,200.0,2023-01-28,,1000.0
864,Laptop,8.0,1000.0,2023-01-05,,8000.0
865,Headphones,6.0,50.0,2023-01-26,,300.0
866,Webcam,1.0,45.0,2023-01-30,,45.0
867,Laptop,8.0,1000.0,2023-01-17,,8000.0
868,Mouse,6.0,20.0,2023-01-23,,120.0
869,Mouse,4.0,20.0,2023-01-03,,80.0
870,Mouse,4.0,20.0,2023-01-24,,80.0
871,Laptop,9.0,1000.0,2023-01-14,,9000.0
872,Mouse,0.0,20.0,2023-01-27,,
873,Monitor,7.0,200.0,2023-01-03,,1400.0
874,Webcam,2.0,45.0,2023-01-28,,90.0
875,Webcam,3.0,45.0,2023-01-30,,135.0
876,Keyboard,5.0,25.0,2023-01-02,,125.0
877,Mouse,10.0,20.0,2023-01-06,,200.0
878,Monitor,0.0,200.0,2023-01-18,,
879,Monitor,8.0,200.0,2023-01-09,,1600.0
880,Laptop,8.0,1000.0,2023-01-26,,8000.0
881,Laptop,0.0,1000.0,2023-01-12,,
882,Mouse,7.0,20.0,2023-01-06,,140.0
883,Headphones,5.0,50.0,2023-01-29,,250.0
884,Monitor,6.0,200.0,2023-01-14,,1200.0
885,Keyboard,7.0,25.0,2023-01-01,,175.0
886,Mouse,0.0,20.0,2023-01-14,,
887,Headphones,5.0,50.0,2023-01-27,,250.0
888,Monitor,9.0,200.0,2023-01-26,,1800.0
889,Mouse,8.0,20.0,2023-01-02,,160.0
890,Laptop,3.0,1000.0,2023-01-05,,3000.0
891,Mouse,3.0,20.0,2023-01-02,,60.0
892,Laptop,1.0,1000.0,2023-01-04,,1000.0
893,Laptop,10.0,1000.0,2023-01-12,,10000.0
894,Laptop,3.0,1000.0,2023-01-28,,3000.0
895,Keyboard,5.0,25.0,2023-01-13,,125.0
896,Laptop,2.0,1000.0,2023-01-23,,2000.0
897,Mouse,2.0,20.0,2023-01-25,,40.0
898,Laptop,3.0,1000.0,2023-01-22,,3000.0
899,Headphones,2.0,50.0,2023-01-29,,100.0
900,Headphones,9.0,50.0,2023-01-11,,450.0
901,Keyboard,3.0,25.0,2023-01-03,,75.0
902,Laptop,1.0,1000.0,2023-01-13,,1000.0
903,Laptop,5.0,1000.0,2023-01-14,,5000.0
904,Webcam,1.0,45.0,2023-01-18,,45.0
905,Laptop,0.0,1000.0,2023-01-31,,
906,Headphones,8.0,50.0,2023-01-16,,400.0
907,Webcam,9.0,45.0,2023-01-19,,405.0
908,Mouse,3.0,20.0,2023-01-16,,60.0
909,Headphones,3.0,50.0,2023-01-26,,150.0
910,Keyboard,9.0,25.0,2023-01-03,,225.0
911,Webcam,2.0,45.0,2023-01-03,,90.0
912,Mouse,0.0,20.0,2023-01-05,,
913,Monitor,6.0,200.0,2023-01-09,,1200.0
914,Headphones,8.0,50.0,2023-01-28,,400.0
915,Mouse,1.0,20.0,2023-01-05,,20.0
916,Headphones,0.0,50.0,2023-01-12,,
917,Mouse,8.0,20.0,2023-01-20,,160.0
918,Laptop,0.0,1000.0,2023-01-20,,
919,Laptop,8.0,1000.0,2023-01-14,,8000.0
920,Monitor,1.0,200.0,2023-01-28,,200.0
921,Laptop,8.0,1000.0,2023-01-25,,8000.0
922,Keyboard,2.0,25.0,2023-01-26,,50.0
923,Mouse,1.0,20.0,2023-01-15,,20.0
924,Mouse,7.0,20.0,2023-01-30,,140.0
925,Mouse,0.0,20.0,2023-01-28,,
926,Headphones,1.0,50.0,2023-01-20,,50.0
927,Mouse,5.0,20.0,2023-01-15,,100.0
928,Monitor,3.0,200.0,2023-01-15,,600.0
929,Webcam,2.0,45.0,2023-01-13,,90.0
930,Mouse,2.0,20.0,2023-01-12,,40.0
931,Keyboard,5.0,25.0,2023-01-06,,125.0
932,Keyboard,5.0,25.0,2023-01-18,,125.0
933,Keyboard,9.0,25.0,2023-01-10,,225.0
934,Laptop,1.0,1000.0,2023-01-08,,1000.0
935,Monitor,6.0,200.0,2023-01-29,,1200.0
936,Keyboard,1.0,25.0,2023-01-04,,25.0
937,Mouse,5.0,20.0,2023-01-23,,100.0
938,Monitor,9.0,200.0,2023-01-28,,1800.0
939,Laptop,3.0,1000.0,2023-01-18,,3000.0
940,Laptop,3.0,1000.0,2023-01-21,,3000.0
941,Webcam,10.0,45.0,2023-01-30,,450.0
942,Laptop,3.0,1000.0,2023-01-22,,3000.0
943,Keyboard,0.0,25.0,2023-01-26,,
944,Laptop,10.0,1000.0,2023-01-26,,10000.0
945,Keyboard,1.0,25.0,2023-01-15,,25.0
946,Mouse,7.0,20.0,2023-01-21,,140.0
947,Keyboard,9.0,25.0,2023-01-15,,225.0
948,Keyboard,0.0,25.0,2023-01-02,,
949,Webcam,5.0,45.0,2023-01-18,,225.0
950,Keyboard,4.0,25.0,2023-01-09,,100.0
951,Headphones,10.0,50.0,2023-01-08,,500.0
952,Webcam,8.0,45.0,2023-01-19,,360.0
953,Monitor,7.0,200.0,2023-01-15,,1400.0
954,Keyboard,4.0,25.0,2023-01-16,,100.0
955,Headphones,6.0,50.0,2023-01-17,,300.0
956,Webcam,8.0,45.0,2023-01-25,,360.0
957,Webcam,1.0,45.0,2023-01-10,,45.0
958,Mouse,3.0,20.0,2023-01-19,,60.0
959,Laptop,3.0,1000.0,2023-01-12,,3000.0
960,Laptop,10.0,1000.0,2023-01-18,,10000.0
961,Webcam,9.0,45.0,2023-01-14,,405.0
962,Mouse,7.0,20.0,2023-01-29,,140.0
963,Headphones,0.0,50.0,2023-01-21,,
964,Webcam,2.0,45.0,2023-01-01,,90.0
965,Keyboard,4.0,25.0,2023-01-06,,100.0
966,Laptop,7.0,1000.0,2023-01-14,,7000.0
967,Laptop,6.0,1000.0,2023-01-12,,6000.0
968,Monitor,4.0,200.0,2023-01-25,,800.0
969,Webcam,4.0,45.0,2023-01-09,,180.0
970,Keyboard,8.0,25.0,2023-01-02,,200.0
971,Laptop,2.0,1000.0,2023-01-14,,2000.0
972,Mouse,1.0,20.0,2023-01-25,,20.0
973,Keyboard,9.0,25.0,2023-01-10,,225.0
974,Laptop,1.0,1000.0,2023-01-25,,1000.0
975,Keyboard,3.0,25.0,2023-01-24,,75.0
976,Keyboard,8.0,25.0,2023-01-14,,200.0
977,Monitor,3.0,200.0,2023-01-21,,600.0
978,Laptop,2.0,1000.0,2023-01-31,,2000.0
979,Webcam,8.0,45.0,2023-01-13,,360.0
980,Webcam,2.0,45.0,2023-01-03,,90.0
981,Keyboard,9.0,25.0,2023-01-30,,225.0
982,Keyboard,8.0,25.0,2023-01-16,,200.0
983,Keyboard,3.0,25.0,2023-01-26,,75.0
984,Mouse,1.0,20.0,2023-01-04,,20.0
985,Headphones,9.0,50.0,2023-01-09,,450.0
986,Keyboard,8.0,25.0,2023-01-29,,200.0
987,Webcam,10.0,45.0,2023-01-28,,450.0
988,Laptop,4.0,1000.0,2023-01-25,,4000.0
989,Laptop,6.0,1000.0,2023-01-02,,6000.0
990,Keyboard,2.0,25.0,2023-01-11,,50.0
991,Keyboard,3.0,25.0,2023-01-21,,75.0
992,Webcam,0.0,45.0,2023-01-19,,
993,Monitor,0.0,200.0,2023-01-11,,
994,Mouse,9.0,20.0,2023-01-25,,180.0
995,Headphones,5.0,50.0,2023-01-21,,250.0
996,Monitor,4.0,200.0,2023-01-19,,800.0
997,Webcam,10.0,45.0,2023-01-24,,450.0
998,Monitor,0.0,200.0,2023-01-24,,
999,Keyboard,4.0,25.0,2023-01-24,,100.0
1000,Monitor,9.0,200.0,2023-01-25,,1800.0
201,Mouse,10.0,20.0,2023-01-05,South,200.0
202,Monitor,2.0,200.0,2023-01-06,South,400.0
204,Mouse,1.0,20.0,2023-01-07,South,20.0
